# hostname;interval;timestamp;pswpin/s;pswpout/s
CentOS-71-64-minimal;60;1430927125;0.00;0.00
CentOS-71-64-minimal;60;1430927185;0.13;0.00
CentOS-71-64-minimal;60;1430927245;0.13;0.00
CentOS-71-64-minimal;60;1430927305;0.00;0.00
CentOS-71-64-minimal;60;1430927365;0.00;0.00
CentOS-71-64-minimal;60;1430927425;0.00;0.00
CentOS-71-64-minimal;60;1430927485;0.00;0.00
CentOS-71-64-minimal;60;1430927545;0.00;0.00
CentOS-71-64-minimal;60;1430927605;0.00;0.00
CentOS-71-64-minimal;60;1430927665;0.00;0.00
CentOS-71-64-minimal;60;1430927725;0.00;0.00
